path,id
7.json,fkNsjvJYcS-rmODqT8JNQohE4dyTALCLYAtDzSicCLs
6.json,MY-OUkQ48J61vQhv97qUKLAib0nwGMDO8xqS15ZHers
0.json,48y2Qx6fFek_R73wHgz-q1Q7XHxSecmAaZO_zbGFKd0
10.json,0jQVj5HOvyaWDhnn8WJgci-fIrHZEPsbatngnJKU6qQ
1.json,ZAPlC6ARhyOmi-rXwEpfbvrzjOMA5wEoDJWjy6ia-LQ
11.json,5SelL3KLnw1mZL9fIGyXvDnSzc_KUtQ1L1PgPhY750w
8.json,A5_vCEqHC3hCRyfVKQZthbWX-iO2h9iHvjxVq_N2DYw
3.json,dR3yLhSpXTeEvQqYfTAm-Q_GkiEpj6cjGRGD7axwWQk
2.json,SGuPGEAxOryGcI84XgC7-7PCUZr7gNdlYcpdai8Jhfo
4.json,2HOSJrOGtsZrH-PuLsE9i5GTaufd0519VA5gPpxegDg
5.json,dmZVdC9QKrsffnCIqtymj2EgO-Sn3Gbs4DImMMSBasM
9.json,crETS5FLRPGextuYsu1Cv--f6IwLv3LWdh97VfKRTFM
13.json,GzO1qwCjyStIsEuxgljo1k-MrN9JUYjaSCw1GLcWPC8
12.json,eT9upix1aYyHAzjA3pK2Tt1UDqena41tRd6icXjxp1M
